Measurement,Nps,Npt,Nqs,Nqt,Tp,Tq
24,8.886374791261813e-5,1.4294368629515675e-5,3.8978877444640037,5.597859614392299,0.7299941366937305,0.19689930917352308
